Model Year,Regulatory Class,Vehicle Type,Production Share,Real-World MPG,Real-World MPG_City,Real-World MPG_Hwy,Weight (lbs),Horsepower (HP),Footprint (sq. ft.)
"1975","All","All","1.000000","13.05970","12.01552","14.61167","4060.399","137.3346","-"
"1975","Car","All Car","0.806646","13.45483","12.31413","15.17266","4057.494","136.1964","-"
"1975","Car","Sedan/Wagon","0.805645","13.45833","12.31742","15.17643","4057.565","136.2256","-"
"1975","Truck","All Truck","0.193354","11.63431","10.91165","12.65900","4072.518","142.0826","-"
"1975","Truck","Pickup","0.131322","11.91476","11.07827","13.12613","4011.977","140.9365","-"
"1975","Truck","Minivan/Van","0.044700","11.10606","10.55642","11.86084","4195.690","143.2245","-"
"1975","Truck","Truck SUV","0.017331","11.02071","10.62298","11.54921","4213.574","147.8221","-"
"1975","Car","Car SUV","0.001001","11.12929","10.13552","12.64456","4000.000","112.7733","-"
"1976","All","All","1.000000","14.22136","13.18117","15.73946","4079.198","135.0839","-"
"1976","Car","All Car","0.789164","14.86139","13.69643","16.58558","4058.859","133.5588","-"
"1976","Car","Sedan/Wagon","0.788239","14.86845","13.70380","16.59191","4058.944","133.5710","-"
"1976","Truck","All Truck","0.210836","12.24713","11.55419","13.21586","4155.327","140.7925","-"
"1976","Truck","Pickup","0.151303","12.44161","11.74027","13.42155","4121.843","139.4000","-"
"1976","Truck","Minivan/Van","0.040716","11.78392","11.05859","12.81092","4199.864","145.6272","-"
"1976","Truck","Truck SUV","0.018816","11.76894","11.21251","12.52886","4328.199","141.5282","-"
"1976","Car","Car SUV","0.000925","10.58091","9.39272","12.51605","3986.237","123.1064","-"
"1977","All","All","1.000000","15.06743","14.00580","16.60587","3981.818","135.9847","-"
"1977","Car","All Car","0.801419","15.58566","14.38805","17.35080","3943.613","133.1736","-"
"1977","Car","Sedan/Wagon","0.800086","15.59297","14.39484","17.35887","3943.519","133.1881","-"
"1977","Truck","All Truck","0.198581","13.28478","12.64952","14.15353","4136.002","147.3296","-"
"1977","Truck","Pickup","0.143450","13.55757","12.89811","14.46125","4091.847","146.3648","-"
"1977","Truck","Minivan/Van","0.036422","12.51297","11.94984","13.27770","4252.284","152.3661","-"
"1977","Truck","Truck SUV","0.018710","12.84559","12.23607","13.67836","4248.173","144.9224","-"
"1977","Car","Car SUV","0.001333","12.16264","11.21446","13.56437","4000.000","124.4603","-"
"1978","All","All","1.000000","15.83777","14.68193","17.52390","3715.238","129.0248","-"
"1978","Car","All Car","0.774581","16.93760","15.50860","19.08715","3588.111","124.1651","-"
"1978","Car","Sedan/Wagon","0.773459","16.94899","15.51976","19.09866","3587.514","124.1623","-"
"1978","Truck","All Truck","0.225419","12.94860","12.40906","13.67532","4152.067","145.7236","-"
"1978","Truck","Pickup","0.156942","13.32817","12.77741","14.06939","4104.366","144.1520","-"
"1978","Truck","Minivan/Van","0.043273","12.08009","11.63892","12.66691","4249.551","149.1321","-"
"1978","Truck","Truck SUV","0.025204","12.28640","11.64185","13.17816","4281.723","149.6580","-"
"1978","Car","Car SUV","0.001122","11.57282","10.36991","13.48465","4000.000","126.0851","-"
"1979","All","All","1.000000","15.91271","14.87711","17.39245","3655.465","123.5922","-"
"1979","Car","All Car","0.778704","17.24016","15.92465","19.17632","3484.556","119.4334","-"
"1979","Car","Sedan/Wagon","0.777556","17.24547","15.92812","19.18475","3484.872","119.4639","-"
"1979","Truck","All Truck","0.221296","12.52042","12.08076","13.10326","4256.863","138.2265","-"
"1979","Truck","Pickup","0.158977","13.21499","12.71707","13.87917","4142.085","135.6823","-"
"1979","Truck","Minivan/Van","0.034615","11.48461","11.05875","12.05184","4540.969","144.2939","-"
"1979","Truck","Truck SUV","0.027704","10.53097","10.31087","10.81307","4560.526","145.2456","-"
"1979","Car","Car SUV","0.001147","14.26603","13.87578","14.77387","3270.859","98.7179","-"
"1980","All","All","1.000000","19.16493","17.61932","21.46650","3227.876","103.8276","-"
"1980","Car","All Car","0.835255","20.01181","18.29782","22.59914","3101.498","100.4593","-"
"1980","Car","Sedan/Wagon","0.835223","20.01210","18.29804","22.59955","3101.464","100.4585","-"
"1980","Truck","All Truck","0.164745","15.77936","14.83106","17.11704","3868.606","120.9049","-"
"1980","Truck","Pickup","0.127076","16.51884","15.51081","17.94417","3739.957","118.0136","-"
"1980","Truck","Minivan/Van","0.021373","14.13642","13.26730","15.36678","4352.742","130.5904","-"
"1980","Truck","Truck SUV","0.016297","13.18631","12.49306","14.14570","4236.831","130.7478","-"
"1980","Car","Car SUV","0.000032","14.57638","13.92621","15.45846","4000.000","122.1928","-"
"1981","All","All","1.000000","20.52057","18.83051","23.04893","3201.759","102.1236","-"
"1981","Car","All Car","0.827505","21.41607","19.54990","24.24470","3075.888","98.7092","-"
"1981","Car","Sedan/Wagon","0.827485","21.41631","19.55010","24.24499","3075.865","98.7082","-"
"1981","Truck","All Truck","0.172495","17.09200","16.00519","18.63890","3805.596","118.5032","-"
"1981","Truck","Pickup","0.136419","17.88228","16.71899","19.54434","3679.450","115.4839","-"
"1981","Truck","Minivan/Van","0.023204","14.84219","13.98387","16.04595","4323.985","129.0355","-"
"1981","Truck","Truck SUV","0.012872","14.30158","13.42825","15.53659","4208.028","131.5149","-"
"1981","Car","Car SUV","0.000020","14.68025","13.71600","16.06020","4000.000","140.0000","-"
"1982","All","All","1.000000","21.07205","19.20172","23.91969","3201.843","102.9528","-"
"1982","Car","All Car","0.804687","22.20740","20.07855","25.51363","3053.387","98.7165","-"
"1982","Car","Sedan/Wagon","0.803384","22.21184","20.07840","25.52699","3054.073","98.7342","-"
"1982","Truck","All Truck","0.195313","17.40582","16.27374","19.02325","3813.483","120.4064","-"
"1982","Truck","Pickup","0.148038","18.48502","17.24861","20.26003","3628.863","116.5468","-"
"1982","Truck","Minivan/Van","0.031904","14.72404","13.89743","15.87836","4342.080","132.2636","-"
"1982","Truck","Truck SUV","0.015371","14.69788","13.68198","16.16485","4494.407","132.9675","-"
"1982","Car","Car SUV","0.001303","19.76697","20.17557","19.28949","2629.999","87.8139","-"
"1983","All","All","1.000000","20.95239","19.04058","23.88334","3257.340","106.9483","-"
"1983","Car","All Car","0.779970","22.08496","19.92518","25.45765","3112.012","103.8189","-"
"1983","Car","Sedan/Wagon","0.776709","22.09123","19.92703","25.47247","3111.960","103.8318","-"
"1983","Truck","All Truck","0.220030","17.72939","16.45150","19.58913","3772.506","118.0416","-"
"1983","Truck","Pickup","0.158063","18.87651","17.51564","20.85710","3543.619","112.3953","-"
"1983","Truck","Minivan/Van","0.037141","15.06647","14.06695","16.49935","4414.280","136.1429","-"
"1983","Truck","Truck SUV","0.024826","15.79468","14.51766","17.69734","4269.657","126.9095","-"
"1983","Car","Car SUV","0.003262","20.68730","19.49465","22.35918","3124.431","100.7415","-"
"1984","All","All","1.000000","21.00023","19.05715","23.98980","3261.576","108.5963","-"
"1984","Car","All Car","0.765372","22.42303","20.18462","25.93880","3100.501","105.7755","-"
"1984","Car","Sedan/Wagon","0.761433","22.44190","20.20085","25.96213","3098.504","105.7600","-"
"1984","Truck","All Truck","0.234628","17.39887","16.11990","19.26725","3787.013","117.7982","-"
"1984","Truck","Pickup","0.145760","18.25999","16.91418","20.22702","3618.901","114.0118","-"
"1984","Truck","Minivan/Van","0.048234","16.11388","14.98634","17.74573","4074.744","126.0343","-"
"1984","Truck","Truck SUV","0.040634","16.19242","14.94432","18.03317","4048.509","121.6039","-"
"1984","Car","Car SUV","0.003940","19.28953","17.47103","22.10116","3486.502","108.7714","-"
"1985","All","All","1.000000","21.31942","19.31764","24.41114","3271.127","114.1306","-"
"1985","Car","All Car","0.752349","22.98880","20.62796","26.72747","3095.975","110.7365","-"
"1985","Car","Sedan/Wagon","0.746275","23.01593","20.65662","26.75019","3092.936","110.7520","-"
"1985","Truck","All Truck","0.247651","17.46626","16.19283","19.32358","3803.231","124.4415","-"
"1985","Truck","Pickup","0.143697","18.20137","16.90865","20.07745","3642.380","122.8821","-"
"1985","Truck","Minivan/Van","0.059159","16.54583","15.45961","18.10020","3975.166","129.0611","-"
"1985","Truck","Truck SUV","0.044795","16.53857","15.08883","18.73913","4092.154","123.3431","-"
"1985","Car","Car SUV","0.006074","20.08032","17.62417","24.20283","3469.242","108.8355","-"
"1986","All","All","1.000000","21.84433","19.75389","24.99472","3237.974","114.3758","-"
"1986","Car","All Car","0.720726","23.69184","21.19061","27.56863","3043.023","110.9135","-"
"1986","Car","Sedan/Wagon","0.716867","23.72402","21.21784","27.60920","3040.673","110.8588","-"
"1986","Truck","All Truck","0.279274","18.18471","16.81223","20.14168","3741.088","123.3111","-"
"1986","Truck","Pickup","0.164807","18.86250","17.48612","20.81179","3574.005","120.3470","-"
"1986","Truck","Minivan/Van","0.067977","17.46989","16.13264","19.38228","3997.909","127.4910","-"
"1986","Truck","Truck SUV","0.046490","17.03397","15.63894","19.05810","3957.881","127.7072","-"
"1986","Car","Car SUV","0.003860","18.92466","17.11181","21.65796","3479.487","121.0844","-"
"1987","All","All","1.000000","21.97197","19.75719","25.26006","3220.507","117.6397","-"
"1987","Car","All Car","0.728276","23.75972","21.17190","27.69136","3034.936","112.6106","-"
"1987","Car","Sedan/Wagon","0.721907","23.80659","21.21636","27.74058","3030.906","112.4524","-"
"1987","Truck","All Truck","0.271724","18.28459","16.75628","20.44816","3717.872","131.1187","-"
"1987","Truck","Pickup","0.144401","19.03851","17.49579","21.20711","3526.440","123.3883","-"
"1987","Truck","Minivan/Van","0.074941","17.65937","16.16028","19.78938","3972.056","141.7261","-"
"1987","Truck","Truck SUV","0.052382","17.27386","15.75200","19.45536","3881.943","137.2537","-"
"1987","Car","Car SUV","0.006369","19.42471","17.10779","23.05481","3491.782","130.5429","-"
"1988","All","All","1.000000","21.86353","19.57179","25.20576","3283.465","123.4690","-"
"1988","Car","All Car","0.709052","24.08680","21.38115","28.11743","3051.051","116.1658","-"
"1988","Car","Sedan/Wagon","0.701911","24.14857","21.43647","28.18853","3046.537","115.9074","-"
"1988","Truck","All Truck","0.290948","17.84859","16.22555","20.12653","3849.867","141.2671","-"
"1988","Truck","Pickup","0.160745","18.14217","16.53318","20.38628","3736.914","137.6928","-"
"1988","Truck","Minivan/Van","0.074067","17.87781","16.15447","20.33366","4052.761","146.9449","-"
"1988","Truck","Truck SUV","0.056136","17.02310","15.49013","19.16950","3905.607","144.0111","-"
"1988","Car","Car SUV","0.007141","19.24756","17.05493","22.53121","3494.767","141.5664","-"
"1989","All","All","1.000000","21.42049","19.07833","24.78156","3351.457","128.7480","-"
"1989","Car","All Car","0.700602","23.64929","20.84659","27.77744","3103.504","121.2814","-"
"1989","Car","Sedan/Wagon","0.693142","23.70987","20.89662","27.85522","3099.266","120.9978","-"
"1989","Truck","All Truck","0.299398","17.55009","15.91868","19.78756","3931.676","146.2200","-"
"1989","Truck","Pickup","0.154396","17.80206","16.18576","20.00544","3803.156","142.8300","-"
"1989","Truck","Minivan/Van","0.088398","17.79679","16.05678","20.21530","4057.266","146.0862","-"
"1989","Truck","Truck SUV","0.056604","16.55267","15.03970","18.61918","4086.103","155.6757","-"
"1989","Car","Car SUV","0.007460","19.11214","17.05288","22.05536","3497.227","147.6344","-"
"1990","All","All","1.000000","21.15752","18.72132","24.61039","3426.038","135.3422","-"
"1990","Car","All Car","0.703538","23.29344","20.43092","27.44050","3178.419","128.6336","-"
"1990","Car","Sedan/Wagon","0.698357","23.33429","20.46276","27.49645","3175.900","128.5061","-"
"1990","Truck","All Truck","0.296462","17.37636","15.61965","19.77130","4013.663","151.2622","-"
"1990","Truck","Pickup","0.145428","17.41153","15.68860","19.74637","3928.038","151.5798","-"
"1990","Truck","Minivan/Van","0.100071","17.84376","15.96497","20.43541","4094.990","148.8218","-"
"1990","Truck","Truck SUV","0.050964","16.43622","14.80517","18.64847","4098.310","155.1478","-"
"1990","Car","Car SUV","0.005181","18.84529","16.88798","21.53370","3518.094","145.8198","-"
"1991","All","All","1.000000","21.25642","18.75908","24.71816","3409.555","137.9169","-"
"1991","Car","All Car","0.695754","23.25777","20.35495","27.36521","3168.471","132.5287","-"
"1991","Car","Sedan/Wagon","0.677964","23.42825","20.48348","27.60558","3153.670","132.2115","-"
"1991","Truck","All Truck","0.304246","17.76132","15.90708","20.24081","3960.869","150.2386","-"
"1991","Truck","Pickup","0.152737","18.18688","16.30479","20.69693","3779.345","146.0197","-"
"1991","Truck","Minivan/Van","0.082203","17.91037","16.01590","20.45351","4132.591","148.5607","-"
"1991","Truck","Truck SUV","0.069307","16.73325","14.98104","19.07888","4157.233","161.5263","-"
"1991","Car","Car SUV","0.017790","18.20849","16.42682","20.54704","3732.531","144.6175","-"
"1992","All","All","1.000000","20.79365","18.19781","24.36403","3512.305","145.2572","-"
"1992","Car","All Car","0.686017","22.87528","19.81979","27.18294","3253.611","140.8622","-"
"1992","Car","Sedan/Wagon","0.666086","23.06995","19.95943","27.47112","3239.880","140.5106","-"
"1992","Truck","All Truck","0.313983","17.34505","15.43754","19.86345","4077.522","154.8598","-"
"1992","Truck","Pickup","0.151158","17.48087","15.54243","20.04642","3976.449","150.6981","-"
"1992","Truck","Minivan/Van","0.100328","17.92191","15.94818","20.52874","4151.208","151.9530","-"
"1992","Truck","Truck SUV","0.062497","16.20331","14.45837","18.49312","4203.692","169.5920","-"
"1992","Car","Car SUV","0.019931","17.84349","16.06389","20.12662","3712.507","152.6120","-"
"1993","All","All","1.000000","20.87940","18.22812","24.44455","3518.930","146.8406","-"
"1993","Car","All Car","0.675907","22.99937","19.89986","27.25888","3241.070","140.4357","-"
"1993","Car","Sedan/Wagon","0.640123","23.45914","20.26584","27.86440","3207.167","138.2942","-"
"1993","Truck","All Truck","0.324093","17.51282","15.51064","20.11366","4098.419","160.1983","-"
"1993","Truck","Pickup","0.151559","17.58531","15.59249","20.16668","3995.899","156.0455","-"
"1993","Truck","Minivan/Van","0.109102","18.20216","16.03783","21.04927","4105.496","155.0834","-"
"1993","Truck","Truck SUV","0.063432","16.29119","14.50835","18.57674","4331.199","178.9183","-"
"1993","Car","Car SUV","0.035785","17.02920","15.04102","19.62872","3847.533","178.7425","-"
"1994","All","All","1.000000","20.37752","17.77373","23.78827","3603.432","152.2823","-"
"1994","Car","All Car","0.619235","23.01968","19.81413","27.35476","3268.106","143.5859","-"
"1994","Car","Sedan/Wagon","0.595743","23.27300","19.99754","27.72141","3249.686","142.8141","-"
"1994","Truck","All Truck","0.380765","17.17211","15.22414","19.62672","4148.771","166.4252","-"
"1994","Truck","Pickup","0.188962","17.44093","15.47527","19.91268","4056.457","163.3181","-"
"1994","Truck","Minivan/Van","0.100378","17.83757","15.71845","20.54695","4156.485","159.4923","-"
"1994","Truck","Truck SUV","0.091424","16.00656","14.25391","18.19219","4331.104","180.4590","-"
"1994","Car","Car SUV","0.023492","18.03998","16.07515","20.48420","3735.241","163.1584","-"
"1995","All","All","1.000000","20.48563","17.72570","24.06812","3612.509","158.1889","-"
"1995","Car","All Car","0.634935","23.27497","19.84992","27.87744","3274.091","152.7547","-"
"1995","Car","Sedan/Wagon","0.620390","23.44355","19.97490","28.11524","3262.620","152.4623","-"
"1995","Truck","All Truck","0.365065","16.95219","14.94424","19.44650","4201.098","167.6403","-"
"1995","Truck","Pickup","0.149951","16.89032","14.91546","19.33340","4182.348","167.1794","-"
"1995","Truck","Minivan/Van","0.109724","18.07800","15.77474","21.00924","4109.512","158.8926","-"
"1995","Truck","Truck SUV","0.105390","15.99832","14.20465","18.18927","4323.131","177.4035","-"
"1995","Car","Car SUV","0.014545","17.81180","15.66853","20.48666","3763.367","165.2253","-"
"1996","All","All","1.000000","20.43168","17.60332","24.03690","3658.786","163.9606","-"
"1996","Car","All Car","0.622110","23.11874","19.67145","27.64414","3296.772","154.5761","-"
"1996","Car","Sedan/Wagon","0.600276","23.33458","19.82557","27.95744","3281.749","154.1331","-"
"1996","Truck","All Truck","0.377890","17.15010","15.00609","19.78639","4254.760","179.4102","-"
"1996","Truck","Pickup","0.148759","17.14796","15.07040","19.67613","4189.857","178.2257","-"
"1996","Truck","Truck SUV","0.121923","16.22709","14.21598","18.69328","4386.100","188.6074","-"
"1996","Truck","Minivan/Van","0.107208","18.33961","15.91797","21.37399","4195.450","170.5941","-"
"1996","Car","Car SUV","0.021835","18.43161","16.20748","21.13336","3709.791","166.7538","-"
"1997","All","All","1.000000","20.15038","17.35297","23.62041","3727.285","169.2409","-"
"1997","Car","All Car","0.601421","23.16579","19.67400","27.63955","3285.482","156.1660","-"
"1997","Car","Sedan/Wagon","0.576479","23.37244","19.80466","27.96814","3274.061","156.0286","-"
"1997","Truck","All Truck","0.398579","16.84238","14.73071","19.37028","4393.927","188.9698","-"
"1997","Truck","Pickup","0.166543","16.83729","14.71118","19.38849","4414.615","195.5758","-"
"1997","Truck","Truck SUV","0.144517","16.13144","14.20220","18.40626","4463.251","190.4155","-"
"1997","Truck","Minivan/Van","0.087520","18.17550","15.73749","21.16269","4240.090","174.0118","-"
"1997","Car","Car SUV","0.024941","19.23496","17.07087","21.73689","3549.458","159.3404","-"
"1998","All","All","1.000000","20.09648","17.22728","23.59384","3744.005","171.4710","-"
"1998","Car","All Car","0.582843","23.01887","19.48574","27.45167","3333.932","159.5920","-"
"1998","Car","Sedan/Wagon","0.551403","23.36801","19.73128","27.95777","3305.987","159.0853","-"
"1998","Truck","All Truck","0.417157","17.06881","14.82634","19.72156","4316.950","188.0681","-"
"1998","Truck","Pickup","0.167035","16.99566","14.79891","19.57973","4282.279","189.7748","-"
"1998","Truck","Truck SUV","0.147127","16.16263","14.11935","18.54879","4450.325","191.7499","-"
"1998","Truck","Minivan/Van","0.102995","18.69673","16.02041","21.96325","4182.655","180.0408","-"
"1998","Car","Car SUV","0.031440","18.23943","15.99494","20.83641","3824.049","168.4785","-"
"1999","All","All","1.000000","19.69506","16.87145","23.04703","3835.375","178.9020","-"
"1999","Car","All Car","0.582653","22.70095","19.16469","27.03981","3390.274","164.2873","-"
"1999","Car","Sedan/Wagon","0.550547","23.00469","19.36456","27.50105","3364.561","163.9751","-"
"1999","Truck","All Truck","0.417347","16.62228","14.45643","19.10792","4456.774","199.3054","-"
"1999","Truck","Pickup","0.167236","16.28507","14.22532","18.62601","4486.464","204.7477","-"
"1999","Truck","Truck SUV","0.153947","16.07409","14.06198","18.35305","4518.425","203.7447","-"
"1999","Truck","Minivan/Van","0.096163","18.27843","15.59755","21.48991","4306.442","182.7340","-"
"1999","Car","Car SUV","0.032106","18.51002","16.28276","21.00012","3831.203","169.6394","-"
"2000","All","All","1.000000","19.76896","16.93153","23.04602","3821.286","180.9861","-"
"2000","Car","All Car","0.587890","22.51440","19.00073","26.70778","3400.909","168.2936","-"
"2000","Car","Sedan/Wagon","0.550664","22.91435","19.27419","27.29134","3369.209","167.9300","-"
"2000","Truck","All Truck","0.412110","16.83964","14.65487","19.27593","4420.970","199.0925","-"
"2000","Truck","Pickup","0.157633","16.65304","14.59966","18.90595","4340.005","202.7504","-"
"2000","Truck","Truck SUV","0.152432","16.00646","14.00116","18.21771","4601.991","206.1898","-"
"2000","Truck","Minivan/Van","0.102045","18.60865","15.85311","21.83005","4275.636","182.8401","-"
"2000","Car","Car SUV","0.037226","17.89427","15.70471","20.29007","3869.824","173.6734","-"
"2001","All","All","1.000000","19.62363","16.80797","22.78645","3879.288","186.9203","-"
"2001","Car","All Car","0.586189","22.63423","19.09501","26.74363","3410.949","169.3082","-"
"2001","Car","Sedan/Wagon","0.538570","23.04554","19.37077","27.34719","3379.627","168.4034","-"
"2001","Truck","All Truck","0.413811","16.51239","14.36991","18.83792","4542.719","211.8690","-"
"2001","Truck","Truck SUV","0.173438","16.41337","14.38656","18.57948","4545.642","212.8739","-"
"2001","Truck","Pickup","0.161400","15.95330","13.91933","18.14886","4551.472","215.7755","-"
"2001","Truck","Minivan/Van","0.078973","18.04383","15.34620","21.12216","4518.412","201.6780","-"
"2001","Car","Car SUV","0.047619","18.83276","16.44690","21.40144","3765.195","179.5406","-"
"2002","All","All","1.000000","19.45354","16.63745","22.54129","3950.932","195.4821","-"
"2002","Car","All Car","0.552494","22.78274","19.22165","26.80270","3415.317","173.3268","-"
"2002","Car","Sedan/Wagon","0.515107","23.08460","19.42998","27.23154","3391.217","172.9148","-"
"2002","Truck","All Truck","0.447506","16.48031","14.26903","18.84264","4612.207","222.8351","-"
"2002","Truck","Truck SUV","0.222654","16.30933","14.11631","18.65377","4636.362","228.6712","-"
"2002","Truck","Pickup","0.147705","15.75266","13.76730","17.83204","4689.839","226.2520","-"
"2002","Truck","Minivan/Van","0.077147","18.69997","15.87208","21.85229","4393.857","199.4496","-"
"2002","Car","Car SUV","0.037387","19.30479","16.74756","22.02409","3747.361","179.0031","-"
"2003","All","All","1.000000","19.58451","16.67734","22.71480","3998.835","198.5784","-"
"2003","Car","All Car","0.538633","23.01383","19.31663","27.11813","3437.169","176.4361","-"
"2003","Car","Sedan/Wagon","0.502186","23.27673","19.48933","27.50336","3416.898","176.1243","-"
"2003","Truck","All Truck","0.461367","16.68234","14.38302","19.09498","4654.564","224.4289","-"
"2003","Truck","Truck SUV","0.226424","16.42410","14.13498","18.83505","4753.709","233.4263","-"
"2003","Truck","Pickup","0.156838","16.07718","14.02019","18.18506","4641.510","222.8414","-"
"2003","Truck","Minivan/Van","0.078106","18.98231","16.03164","22.21587","4393.361","201.5338","-"
"2003","Car","Car SUV","0.036447","19.91469","17.21481","22.73126","3716.469","180.7326","-"
"2004","All","All","1.000000","19.29860","16.34174","22.43337","4111.072","210.5212","-"
"2004","Car","All Car","0.520447","22.85655","19.05831","27.01504","3492.267","183.6760","-"
"2004","Car","Sedan/Wagon","0.479792","23.14043","19.25776","27.40872","3461.634","182.5044","-"
"2004","Truck","All Truck","0.479553","16.50950","14.15243","18.94614","4782.648","239.6558","-"
"2004","Truck","Truck SUV","0.259388","16.47329","14.08662","18.95305","4755.849","240.1446","-"
"2004","Truck","Pickup","0.159491","15.73684","13.66672","17.82082","4938.797","248.7484","-"
"2004","Truck","Minivan/Van","0.060673","19.16282","15.96249","22.67460","4486.746","213.6638","-"
"2004","Car","Car SUV","0.040655","19.96597","16.98260","23.09951","3853.779","197.5021","-"
"2005","All","All","1.000000","19.88375","16.78872","23.09573","4059.441","209.0953","-"
"2005","Car","All Car","0.556205","23.14616","19.35826","27.15454","3498.114","183.0839","-"
"2005","Car","Sedan/Wagon","0.505059","23.49079","19.59842","27.63056","3462.705","182.1716","-"
"2005","Truck","All Truck","0.443795","16.89862","14.39415","19.45181","4762.950","241.6952","-"
"2005","Truck","Truck SUV","0.205865","16.73488","14.29760","19.20456","4755.554","243.8898","-"
"2005","Truck","Pickup","0.144749","15.84874","13.61025","18.09372","4987.822","259.7066","-"
"2005","Truck","Minivan/Van","0.093181","19.30215","16.07195","22.75175","4429.968","208.8673","-"
"2005","Car","Car SUV","0.051146","20.21725","17.26864","23.20650","3847.772","192.0927","-"
"2006","All","All","1.000000","20.13330","16.98233","23.41006","4066.533","213.1841","-"
"2006","Car","All Car","0.578934","23.02417","19.20794","27.08348","3563.457","193.7930","-"
"2006","Car","Sedan/Wagon","0.529181","23.29940","19.39112","27.47722","3534.091","193.9650","-"
"2006","Truck","All Truck","0.421066","17.16932","14.64863","19.73060","4758.224","239.8453","-"
"2006","Truck","Truck SUV","0.199005","17.16238","14.68071","19.67089","4715.404","239.5535","-"
"2006","Truck","Pickup","0.144862","16.13873","13.89294","18.38011","4967.739","255.5367","-"
"2006","Truck","Minivan/Van","0.077199","19.52993","16.21207","23.09562","4475.457","211.1533","-"
"2006","Car","Car SUV","0.049753","20.45422","17.45421","23.50149","3875.797","191.9628","-"
"2007","All","All","1.000000","20.60390","17.38117","23.95452","4093.315","216.9897","-"
"2007","Car","All Car","0.589234","23.70115","19.83548","27.78629","3550.977","191.2876","-"
"2007","Car","Sedan/Wagon","0.529061","24.10789","20.12869","28.33333","3507.310","189.4010","-"
"2007","Truck","All Truck","0.410766","17.35129","14.76118","19.99850","4871.283","253.8586","-"
"2007","Truck","Truck SUV","0.216970","17.67824","15.07100","20.33166","4797.280","251.7269","-"
"2007","Truck","Pickup","0.138334","16.16854","13.83998","18.51907","5144.497","268.6433","-"
"2007","Car","Car SUV","0.060173","20.63947","17.58347","23.75390","3934.913","207.8760","-"
"2007","Truck","Minivan/Van","0.055462","19.49807","16.14297","23.12361","4479.337","225.3215","-"
"2008","All","All","1.000000","20.96833","17.67455","24.39839","4085.003","218.5559","48.85985"
"2008","Car","All Car","0.593057","23.87867","19.97661","28.00541","3568.989","194.0660","45.31546"
"2008","Car","Sedan/Wagon","0.526586","24.26732","20.24886","28.54007","3526.893","192.8650","45.20013"
"2008","Truck","All Truck","0.406943","17.80566","15.13308","20.54251","4837.016","254.2462","54.02526"
"2008","Truck","Truck SUV","0.221038","18.18794","15.50367","20.92042","4727.397","249.9136","48.74836"
"2008","Truck","Pickup","0.129071","16.47549","14.06863","18.91691","5161.204","276.3228","63.00788"
"2008","Car","Car SUV","0.066471","21.19014","18.05363","24.38625","3902.476","203.5805","46.22913"
"2008","Truck","Minivan/Van","0.056834","19.81953","16.42873","23.47455","4527.106","220.9599","54.14838"
"2009","All","All","1.000000","22.40281","18.91546","26.03912","3914.193","207.7209","47.93705"
"2009","Car","All Car","0.670303","24.97415","21.00573","29.15699","3501.629","186.0019","45.04628"
"2009","Car","Sedan/Wagon","0.605014","25.33789","21.26862","29.64854","3464.462","183.8245","44.92996"
"2009","Truck","All Truck","0.329697","18.52504","15.73258","21.38903","4752.972","251.8775","53.81424"
"2009","Truck","Truck SUV","0.183972","19.27740","16.41652","22.19533","4547.633","243.5964","48.61423"
"2009","Truck","Pickup","0.106215","16.89988","14.39181","19.45798","5175.939","277.8993","62.56857"
"2009","Car","Car SUV","0.065289","22.04188","18.84696","25.27400","3846.047","206.1788","46.12419"
"2009","Truck","Minivan/Van","0.039511","20.06585","16.67391","23.70344","4572.033","220.4829","54.49287"
"2010","All","All","1.000000","22.59206","19.11219","26.18930","4001.323","213.6361","48.54913"
"2010","Car","All Car","0.627501","25.70318","21.66984","29.90173","3536.415","190.1856","45.43572"
"2010","Car","Sedan/Wagon","0.545198","26.16218","22.01937","30.48967","3474.093","186.6923","45.21904"
"2010","Truck","All Truck","0.372499","18.76570","15.94241","21.65931","4784.495","253.1402","53.79389"
"2010","Truck","Truck SUV","0.207388","19.68205","16.79938","22.60871","4555.242","243.1933","48.30706"
"2010","Truck","Pickup","0.114812","16.85202","14.32492","19.43903","5308.759","288.9247","63.53787"
"2010","Car","Car SUV","0.082303","23.02703","19.60801","26.51481","3949.247","213.3254","46.87108"
"2010","Truck","Minivan/Van","0.050298","20.11859","16.73587","23.73819","4533.047","212.4705","54.17514"
"2011","All","All","1.000000","22.28844","18.83713","25.86317","4125.934","229.9718","49.54439"
"2011","Car","All Car","0.578225","25.38827","21.32795","29.64592","3616.517","200.0428","45.99051"
"2011","Car","Sedan/Wagon","0.477828","25.82170","21.62453","30.25109","3559.086","198.5117","45.80972"
"2011","Truck","All Truck","0.421775","19.09259","16.23742","22.01257","4824.309","271.0024","54.41651"
"2011","Truck","Truck SUV","0.255377","19.82269","16.91384","22.77790","4665.320","257.2685","49.65835"
"2011","Truck","Pickup","0.123051","17.23687","14.63211","19.91075","5267.786","303.8330","63.92867"
"2011","Car","Car SUV","0.100397","23.51011","20.02107","27.06871","3889.853","207.3301","46.85096"
"2011","Truck","Minivan/Van","0.043347","20.94922","17.56974","24.50498","4502.072","258.7179","55.44647"
"2012","All","All","1.000000","23.56593","19.94669","27.30319","3978.812","221.7796","48.81134"
"2012","Car","All Car","0.643820","26.87389","22.70013","31.20175","3519.494","191.9836","45.65266"
"2012","Car","Sedan/Wagon","0.549736","27.59971","23.27884","32.09360","3451.780","188.7913","45.44823"
"2012","Truck","All Truck","0.356180","19.27687","16.35979","22.27286","4809.062","275.6382","54.52088"
"2012","Truck","Truck SUV","0.206068","20.00681","17.06347","22.99968","4639.557","260.5694","49.66824"
"2012","Truck","Pickup","0.100867","17.20749","14.58427","19.90889","5334.678","316.8917","64.31795"
"2012","Car","Car SUV","0.094084","23.29446","19.82097","26.84315","3915.148","210.6364","46.84717"
"2012","Truck","Minivan/Van","0.049244","21.26883","17.72060","25.05315","4441.761","254.1958","54.75999"
"2013","All","All","1.000000","24.17888","20.49116","27.97717","4002.973","225.8506","49.08053"
"2013","Car","All Car","0.640886","27.64926","23.39324","32.04776","3542.972","197.0041","45.90822"
"2013","Car","Sedan/Wagon","0.541262","28.35773","23.97274","32.89718","3465.189","193.9407","45.68693"
"2013","Truck","All Truck","0.359114","19.75404","16.77686","22.80728","4823.903","277.3308","54.74191"
"2013","Truck","Truck SUV","0.217773","20.82639","17.78126","23.91618","4584.101","256.6584","49.69878"
"2013","Truck","Pickup","0.103765","17.47393","14.79418","20.23960","5428.998","328.0566","65.32018"
"2013","Car","Car SUV","0.099623","24.34480","20.67754","28.10508","3965.578","213.6480","47.11052"
"2013","Truck","Minivan/Van","0.037577","21.05797","17.52555","24.83404","4542.733","257.0599","54.75788"
"2014","All","All","1.000000","24.11047","20.44020","27.88816","4059.639","230.2499","49.72043"
"2014","Car","All Car","0.593428","27.62624","23.38527","32.00481","3559.296","198.1939","46.07330"
"2014","Car","Sedan/Wagon","0.492449","28.38531","23.99001","32.93776","3496.549","197.0561","45.99471"
"2014","Truck","All Truck","0.406572","20.33351","17.26636","23.48000","4789.934","277.0384","55.04374"
"2014","Truck","Truck SUV","0.238926","21.59169","18.42380","24.80986","4482.893","250.4819","49.23501"
"2014","Truck","Pickup","0.124349","18.03770","15.28095","20.87925","5484.824","333.8904","66.19105"
"2014","Car","Car SUV","0.100979","24.43912","20.82520","28.12045","3865.299","203.7429","46.45660"
"2014","Truck","Minivan/Van","0.043297","21.26902","17.73591","25.03059","4488.559","260.3062","55.08304"
"2015","All","All","1.000000","24.64986","20.92874","28.46829","4035.455","228.8536","49.41850"
"2015","Car","All Car","0.573573","28.23955","23.90781","32.71055","3555.910","197.3586","46.10941"
"2015","Car","Sedan/Wagon","0.471935","29.00986","24.48679","33.70677","3488.660","196.2541","46.04941"
"2015","Truck","All Truck","0.426427","21.05063","17.92452","24.23982","4680.477","271.2166","53.86946"
"2015","Truck","Truck SUV","0.280602","21.94241","18.74179","25.18729","4533.314","254.0220","49.40054"
"2015","Truck","Pickup","0.106699","18.80861","15.97440","21.71506","5164.656","324.1680","65.33603"
"2015","Car","Car SUV","0.101638","25.13993","21.54266","28.76325","3868.169","202.4874","46.38800"
"2015","Truck","Minivan/Van","0.039126","21.78246","18.29355","25.44309","4415.510","250.1297","54.64930"
"2016","All","All","1.000000","24.70826","21.02000","28.47909","4035.013","230.2012","49.51239"
"2016","Car","All Car","0.552937","28.52688","24.18872","32.99037","3533.367","196.6620","46.13906"
"2016","Truck","All Truck","0.447063","21.19859","18.08914","24.35923","4655.460","271.6832","53.68459"
"2016","Car","Sedan/Wagon","0.438051","29.20510","24.63590","33.95609","3468.065","197.4537","46.16236"
"2016","Truck","Truck SUV","0.291228","22.21006","19.03551","25.40994","4482.448","252.5896","49.11920"
"2016","Truck","Pickup","0.117136","18.92237","16.10266","21.80246","5150.408","324.2175","64.54543"
"2016","Car","Car SUV","0.114886","26.20640","22.62297","29.76286","3782.359","193.6434","46.05022"
"2016","Truck","Minivan/Van","0.038700","21.66192","18.07589","25.47444","4459.328","256.3589","55.16716"
"2017","All","All","1.000000","24.86173","21.12898","28.68466","4093.218","233.9943","49.82204"
"2017","Car","All Car","0.526242","29.18757","24.76856","33.72696","3556.511","194.8836","46.22486"
"2017","Truck","All Truck","0.473758","21.34738","18.16418","24.59952","4689.381","277.4377","53.81771"
"2017","Car","Sedan/Wagon","0.410182","30.18222","25.54201","34.97559","3470.570","194.3402","46.13545"
"2017","Truck","Truck SUV","0.316822","22.33849","19.07424","25.64993","4509.665","257.4498","49.42928"
"2017","Truck","Pickup","0.120699","18.91763","16.08738","21.81259","5217.041","332.8031","64.78242"
"2017","Car","Car SUV","0.116060","26.14273","22.37406","29.94832","3860.246","196.8039","46.54087"
"2017","Truck","Minivan/Van","0.036237","22.23448","18.40065","26.38102","4503.103","267.7807","55.66431"
"2018","All","All","1.000000","25.10552","21.47104","28.78077","4136.747","241.1643","50.35453"
"2018","Truck","All Truck","0.520257","21.87867","18.73352","25.05150","4647.477","276.7025","53.89797"
"2018","Car","All Car","0.479743","29.88553","25.51427","34.32145","3582.887","202.6248","46.51184"
"2018","Car","Sedan/Wagon","0.366685","30.76312","26.11862","35.52928","3534.827","207.0106","46.67691"
"2018","Truck","Truck SUV","0.350080","23.12897","19.90307","26.35092","4426.111","249.9612","49.15120"
"2018","Truck","Pickup","0.138948","19.10974","16.29858","21.96815","5233.055","345.6733","65.49679"
"2018","Car","Car SUV","0.113058","27.35458","23.73320","30.91304","3738.760","188.4003","45.97647"
"2018","Truck","Minivan/Van","0.031229","22.75932","18.84621","26.98635","4523.587","269.6030","55.50305"
"2019","All","All","1.000000","24.90835","21.32168","28.52865","4155.624","245.3639","50.76888"
"2019","Truck","All Truck","0.555707","21.97225","18.78717","25.19449","4627.726","280.2681","54.22052"
"2019","Car","All Car","0.444293","29.90688","25.64972","34.18742","3565.134","201.7070","46.45169"
"2019","Truck","Truck SUV","0.365134","23.48195","20.16314","26.81109","4444.482","254.8259","49.47699"
"2019","Car","Sedan/Wagon","0.327121","30.87470","26.31413","35.51857","3511.966","204.7941","46.48327"
"2019","Truck","Pickup","0.156191","19.02718","16.22906","21.87200","5084.835","342.6648","65.11229"
"2019","Car","Car SUV","0.117172","27.50025","23.96072","30.94921","3713.568","193.0883","46.36354"
"2019","Truck","Minivan/Van","0.034381","22.42918","18.62580","26.51345","4497.203","267.0039","55.11702"
"2020","All","All","1.000000","25.38322","21.91251","28.82775","4166.246","246.1043","50.91736"
"2020","Truck","All Truck","0.560536","22.36613","19.31524","25.39173","4624.154","278.9984","54.29176"
"2020","Car","All Car","0.439464","30.65825","26.44883","34.84143","3582.183","204.1477","46.61331"
"2020","Truck","Truck SUV","0.387245","23.75010","20.56269","26.89512","4447.901","256.9422","49.98036"
"2020","Car","Sedan/Wagon","0.309383","31.73084","27.07554","36.45996","3509.661","205.8775","46.62109"
"2020","Truck","Pickup","0.144008","19.19349","16.54507","21.82954","5125.986","342.3512","65.64498"
"2020","Car","Car SUV","0.130081","28.37686","25.06873","31.51412","3754.670","200.0337","46.59480"
"2020","Truck","Minivan/Van","0.029284","23.35398","19.73243","27.10708","4487.058","259.1192","55.47374"
"2021","All","All","1.000000","25.42452","22.16932","28.59157","4289.422","254.4437","51.54670"
"2021","Truck","All Truck","0.629305","22.72430","19.87594","25.47878","4677.180","277.6873","54.29863"
"2021","Truck","Truck SUV","0.446674","24.05591","21.12546","26.86749","4492.592","258.5717","50.10093"
"2021","Car","All Car","0.370695","31.84920","27.56974","36.07332","3631.149","214.9845","46.87492"
"2021","Car","Sedan/Wagon","0.256894","32.24848","27.58860","36.95762","3562.357","214.9895","46.89220"
"2021","Truck","Pickup","0.161056","19.32618","16.73546","21.88157","5200.655","337.2059","65.74694"
"2021","Car","Car SUV","0.113801","30.98324","27.52725","34.22472","3786.440","214.9732","46.83592"
"2021","Truck","Minivan/Van","0.021576","27.26434","24.12931","30.22703","4591.068","229.1429","55.74402"
"2022","All","All","1.000000","25.99160","22.77067","29.09644","4303.476","259.7998","51.58874"
"2022","Truck","All Truck","0.630766","23.04536","20.23637","25.74083","4668.780","277.4317","54.15498"
"2022","Truck","Truck SUV","0.438023","24.23828","21.37683","26.96079","4488.540","258.9214","50.11378"
"2022","Car","All Car","0.369234","33.25430","28.96808","37.43258","3679.424","229.6791","47.20480"
"2022","Car","Sedan/Wagon","0.265459","33.21101","28.58406","37.83066","3596.993","223.1269","47.05079"
"2022","Truck","Pickup","0.163664","20.00652","17.42841","22.51953","5170.748","333.6361","64.65019"
"2022","Car","Car SUV","0.103775","33.36554","29.99906","36.45139","3890.284","246.4398","47.59876"
"2022","Truck","Minivan/Van","0.029079","25.99704","22.56423","29.36750","4558.567","239.9237","55.95861"
"2023","All","All","1.000000","27.10121","23.91541","30.12846","4371.535","267.5754","51.78720"
"2023","Truck","All Truck","0.624923","23.59634","20.88555","26.15751","4715.361","281.9807","54.23188"
"2023","Truck","Truck SUV","0.453559","24.67197","21.84072","27.34622","4562.512","265.1195","50.57795"
"2023","Car","All Car","0.375077","36.01376","31.53833","40.32897","3798.680","243.5745","47.71408"
"2023","Car","Sedan/Wagon","0.250399","34.13399","29.35276","38.91285","3661.898","230.7022","47.42850"
"2023","Truck","Pickup","0.146669","20.52093","18.20586","22.69833","5197.319","339.6043","65.13115"
"2023","Car","Car SUV","0.124678","40.49224","37.08386","43.50897","4073.389","269.4268","48.28761"
"2023","Truck","Minivan/Van","0.024694","25.91208","22.48080","29.28392","4660.170","249.4201","56.60843"
"2024","All","All","1.000000","27.24521","24.22185","30.07589","4353.748","258.0114","51.51087"
"2024","Truck","All Truck","0.657024","24.40362","21.75356","26.87329","4703.875","277.3195","53.80305"
"2024","Truck","Truck SUV","0.496167","25.70378","22.96003","28.25056","4547.716","261.6723","50.36832"
"2024","Car","All Car","0.342976","35.06739","30.94900","38.97336","3683.024","221.0236","47.11983"
"2024","Car","Sedan/Wagon","0.236759","33.48734","29.08887","37.78931","3544.729","210.1009","46.75616"
"2024","Truck","Pickup","0.140749","20.54899","18.28804","22.66260","5244.535","334.9473","65.45812"
"2024","Car","Car SUV","0.106217","39.18900","36.09368","41.89967","3991.283","245.3703","47.93046"
"2024","Truck","Minivan/Van","0.020108","26.09710","22.42222","29.77897","4772.663","260.0404","56.97365"
"Prelim. 2025","Car","Car SUV","-","37.60478","34.76514","40.07409","4069.604","229.6041","47.83817"
"Prelim. 2025","Car","All Car","-","36.62863","33.05129","39.88533","3801.961","218.6459","47.40168"
"Prelim. 2025","Car","Sedan/Wagon","-","36.15729","32.25281","39.79120","3667.554","213.1428","47.18249"
"Prelim. 2025","Truck","Minivan/Van","-","28.22190","24.88933","31.39285","4910.310","260.9969","57.25583"
"Prelim. 2025","All","All","-","28.11363","25.21905","30.77865","4440.674","263.5653","51.83401"
"Prelim. 2025","Truck","Truck SUV","-","26.28635","23.59001","28.76679","4593.816","266.9873","50.51386"
"Prelim. 2025","Truck","All Truck","-","25.02822","22.40367","27.45450","4779.383","287.3860","54.18447"
"Prelim. 2025","Truck","Pickup","-","21.32558","18.99379","23.50220","5365.653","358.0523","65.70775"
